spectrumid	accession
spectrum id	accession
accession number	accession
authors	author
author name	author
creator	author
bp	base peak
basepeak	base peak
base peak m/z	base peak
z	charge state
charge	charge state
charge number	charge state
ion charge	charge state
collisionenergy	collision energy
collision energies	collision energy
ce	collision energy
ces	collision energy spread
column name	column
column type	column
column model	column
compoundclass	compound class
chemical class	compound class
datacollector	data collector
collector	data collector
dataformat	data format
file format	data format
data processing	data transformation
dataprocessing	data transformation
mass difference	delta M
delta mass	delta M
m/z difference	delta m/z
mz difference	delta m/z
delta mz	delta m/z
derivative formula	derivatization formula
derivative form	derivatization formula
derivative mass	derivatization mass
derivative mw	derivatization mass
derivative weight	derivatization mass
derivative type	derivatization type
derivative	derivatization type
derivatization	derivatization type
activation method	dissociation method
fragmentation method	dissociation method
fragmentation mode	dissociation method
dissociation type	dissociation method
scan duration	dwell time
dwell	dwell time
dwelltime	dwell time
exactmass	exact mass
mz exact	exact mass
accuratemass	exact mass
accurate mass	exact mass
monoisotopic mass	exact mass
flowrate	flow rate
flow	flow rate
source instrument	instrument
instrument configuration	instrument
instrument name	instrument
instrument model	instrument
ie	ionization energy
ionizationenergy	ionization energy
electron energy	ionization energy
ionizationmode	ionization mode
ion mode	ionization mode
scan polarity	ionization mode
polarity	ionization mode
ionization type	ionization mode
ac$mass_spectrometry: ion_mode	ionization mode
ac$analytical_condition: mode	ionization mode
ionmode	ionization mode
ionisation mode	ionization mode
ion polarity	ionization mode
mass-to-charge ratio	m/z
th	m/z
thomson	m/z
mz	m/z
mass to charge	m/z
b	magnetic field strength
magnetic field	magnetic field strength
field strength	magnetic field strength
analyzer	mass analyzer
analyser	mass analyzer
mass analyser	mass analyzer
chemical formula	molecular formula
molecule formula	molecular formula
formula	molecular formula
mw	molecular weight
weight	molecular weight
molecular mass	molecular weight
molweight	molecular weight
mslevel	ms level
ms type	ms level
spectrum type	ms level
ms-level	ms level
activation	precursor activation
precursormz	precursor m/z
precursor mass	precursor m/z
adductionaccuratemass	precursor m/z
precursor mz	precursor m/z
selected ion m/z	precursor m/z
parent m/z	precursor m/z
parent mz	precursor m/z
precursortype	precursor type
adductionname	precursor type
adduct ion name	precursor type
adduct	precursor type
precursor ion	precursor type
parent ion	precursor type
adduct type	precursor type
retentionindex	retention index
ri	retention index
kovats index	retention index
kovats retention index	retention index
retentiontime	retention time
rt	retention time
rtinseconds	retention time
rtseconds	retention time
adc sampling frequency	sampling frequency
sampling rate	sampling frequency
scan function	scan law
scanlaw	scan law
tandem scanning method	scanning method
scan method	scanning method
pi	senior author
principal investigator	senior author
submituser	submitter
submit user	submitter
submitted by	submitter
transfarline temperature	transfer line temperature
transferline temperature	transfer line temperature
transfer line temp	transfer line temperature
